[{
    "title": "Lets learn spring boot",
    "status":"Partially Accepted",
    "context":"What is context here",
	"options": "What are other options",
	"constraints": "No Constraints",
	"decision": "yet to be taken",
	"implications": "Are there any?",
	"notes": "you did not prepare?"
}, 
{
    "title": "Lets C",
    "status":"In-Progress",
    "context":"Can be skipped",
	"options": "C++, Java, vbScript",
	"constraints": "New Technologies",
	"decision": "Can be pursued",
	"implications": "NA",
	"notes": "try cloud based technologies"
}
]